ID,SKILL_ID,USER_ID,SKILL_LEVEL,STATUS
1,33,169,Advance,Approved
2,43,158,Beginner,Approved
3,2,299,Intermediate,Approved
4,37,350,Advance,Pending
5,22,158,Advance,Pending
6,19,247,Advance,Rejected
7,10,362,Beginner,Approved
9,25,149,Beginner,Approved
10,46,365,Advance,Rejected
11,26,211,Beginner,Approved
12,32,398,Beginner,Approved
13,29,282,Advance,Approved
14,42,305,Intermediate,Pending
15,24,225,Beginner,Approved
16,16,80,Beginner,Approved
17,4,245,Advance,Approved
18,36,80,Intermediate,Pending
19,48,424,Beginner,Approved
20,17,104,Advance,Rejected
21,5,120,Beginner,Pending
22,34,105,Advance,Rejected
23,23,110,Advance,Rejected
24,30,468,Beginner,Rejected
25,13,484,Advance,Approved
26,7,215,Intermediate,Approved
28,21,181,Beginner,Pending
29,20,182,Intermediate,Approved
30,40,379,Intermediate,Rejected
31,41,337,Advance,Rejected
32,11,36,Beginner,Pending
33,3,496,Intermediate,Approved
34,1,238,Advance,Rejected
35,50,32,Advance,Approved
36,38,308,Advance,Pending
37,12,92,Beginner,Approved
38,14,355,Beginner,Approved
39,27,398,Beginner,Pending
40,47,37,Intermediate,Approved
41,39,226,Intermediate,Rejected
42,45,375,Beginner,Pending
43,44,58,Intermediate,Rejected
44,35,66,Intermediate,Approved
45,9,258,Intermediate,Rejected
47,28,367,Intermediate,Pending
48,15,412,Intermediate,Rejected
49,6,29,Intermediate,Approved
50,49,455,Advance,Approved
51,17,54,Intermediate,Rejected
52,28,136,Intermediate,Approved
53,22,405,Intermediate,Rejected
54,44,173,Advance,Rejected
55,23,124,Intermediate,Pending
56,9,392,Intermediate,Approved
57,7,101,Intermediate,Rejected
58,42,238,Beginner,Pending
59,30,296,Advance,Approved
61,10,357,Advance,Rejected
62,11,290,Beginner,Approved
63,34,203,Advance,Pending
64,20,436,Beginner,Approved
65,1,189,Beginner,Rejected
66,13,249,Intermediate,Rejected
67,45,89,Beginner,Pending
68,48,271,Beginner,Rejected
69,16,246,Advance,Pending
70,32,423,Beginner,Rejected
71,50,417,Advance,Approved
72,18,464,Beginner,Approved
73,25,486,Beginner,Approved
74,33,148,Beginner,Rejected
75,12,343,Advance,Pending
76,49,430,Intermediate,Approved
77,14,202,Advance,Approved
78,38,352,Advance,Pending
79,40,257,Intermediate,Rejected
80,35,73,Intermediate,Pending
81,43,185,Advance,Pending
82,4,217,Intermediate,Rejected
83,47,338,Advance,Rejected
84,8,263,Intermediate,Rejected
85,6,427,Intermediate,Approved
86,46,388,Advance,Pending
87,19,348,Beginner,Rejected
88,15,239,Advance,Rejected
89,3,313,Intermediate,Approved
90,29,40,Advance,Rejected
91,5,331,Advance,Rejected
92,2,99,Advance,Approved
93,31,94,Advance,Pending
94,27,448,Intermediate,Rejected
95,26,500,Beginner,Approved
96,39,224,Intermediate,Pending
98,37,234,Beginner,Rejected
99,24,259,Intermediate,Approved
101,40,120,Advance,Rejected
102,33,356,Intermediate,Rejected
103,27,264,Beginner,Approved
104,16,35,Intermediate,Rejected
105,28,416,Intermediate,Approved
106,9,457,Intermediate,Approved
107,43,377,Beginner,Approved
108,17,508,Intermediate,Pending
109,19,307,Advance,Pending
111,18,111,Advance,Pending
112,47,377,Beginner,Pending
113,37,480,Beginner,Approved
115,31,252,Intermediate,Rejected
116,50,65,Beginner,Approved
117,21,79,Beginner,Rejected
118,1,287,Beginner,Approved
120,35,389,Beginner,Approved
121,15,172,Beginner,Approved
122,7,441,Beginner,Approved
123,44,392,Intermediate,Rejected
124,30,408,Intermediate,Rejected
125,36,137,Intermediate,Rejected
126,3,59,Intermediate,Approved
127,46,168,Beginner,Rejected
128,48,333,Advance,Approved
129,25,120,Advance,Pending
130,12,457,Intermediate,Rejected
131,2,380,Beginner,Approved
132,45,304,Advance,Approved
133,23,69,Advance,Approved
135,5,163,Advance,Approved
136,32,157,Beginner,Rejected
137,26,279,Advance,Pending
138,11,172,Intermediate,Rejected
139,24,289,Intermediate,Approved
140,42,408,Advance,Approved
141,6,137,Advance,Rejected
142,20,156,Beginner,Approved
143,29,502,Advance,Approved
144,22,146,Beginner,Rejected
145,10,100,Intermediate,Rejected
146,14,381,Advance,Rejected
147,39,359,Intermediate,Rejected
148,49,324,Intermediate,Pending
149,4,389,Advance,Rejected
150,41,279,Intermediate,Rejected
151,42,117,Intermediate,Rejected
152,47,21,Advance,Pending
153,13,68,Advance,Rejected
154,9,136,Advance,Rejected
155,4,371,Advance,Rejected
156,22,318,Beginner,Rejected
157,37,460,Beginner,Pending
158,21,80,Beginner,Approved
159,17,138,Advance,Approved
160,3,338,Beginner,Approved
161,50,242,Advance,Approved
162,28,439,Beginner,Approved
163,36,159,Intermediate,Rejected
164,19,181,Intermediate,Approved
165,6,155,Advance,Approved
166,10,69,Intermediate,Pending
167,34,463,Beginner,Rejected
168,8,254,Beginner,Rejected
169,44,332,Beginner,Rejected
170,49,460,Advance,Approved
171,41,135,Advance,Pending
172,40,378,Advance,Approved
173,39,459,Intermediate,Rejected
174,20,468,Intermediate,Rejected
175,48,398,Advance,Pending
176,18,229,Advance,Pending
177,35,126,Intermediate,Approved
178,5,143,Advance,Approved
179,32,404,Beginner,Rejected
180,25,62,Intermediate,Pending
181,1,427,Advance,Rejected
182,29,106,Advance,Rejected
183,23,493,Intermediate,Pending
184,33,41,Intermediate,Approved
185,14,28,Intermediate,Pending
186,7,125,Beginner,Approved
187,15,67,Beginner,Rejected
189,26,66,Beginner,Rejected
191,11,271,Intermediate,Rejected
192,31,248,Intermediate,Pending
194,24,193,Beginner,Rejected
195,43,127,Beginner,Approved
196,30,147,Advance,Rejected
197,45,258,Advance,Rejected
199,12,140,Intermediate,Approved
200,2,53,Beginner,Rejected
201,3,24,Beginner,Approved
202,42,141,Beginner,Pending
203,49,156,Advance,Approved
204,47,83,Intermediate,Rejected
205,18,292,Advance,Pending
207,14,66,Intermediate,Pending
208,44,509,Intermediate,Rejected
209,16,102,Advance,Approved
210,45,454,Beginner,Approved
211,21,234,Advance,Pending
212,10,250,Intermediate,Approved
213,9,30,Intermediate,Approved
214,46,35,Beginner,Approved
215,33,124,Advance,Pending
216,25,489,Advance,Approved
217,5,22,Intermediate,Rejected
218,34,174,Intermediate,Pending
219,24,505,Advance,Approved
220,8,348,Intermediate,Rejected
221,36,13,Advance,Rejected
222,15,497,Intermediate,Rejected
223,41,430,Intermediate,Rejected
224,35,231,Intermediate,Pending
225,40,432,Advance,Pending
226,38,312,Beginner,Approved
227,23,459,Beginner,Approved
228,30,88,Intermediate,Approved
229,4,114,Beginner,Approved
230,19,230,Beginner,Approved
231,17,487,Intermediate,Approved
232,11,155,Intermediate,Approved
233,20,16,Advance,Pending
234,31,484,Beginner,Rejected
235,6,271,Intermediate,Rejected
236,28,164,Advance,Rejected
237,43,412,Intermediate,Rejected
238,27,423,Advance,Rejected
239,7,58,Intermediate,Approved
240,2,290,Intermediate,Rejected
241,50,146,Intermediate,Rejected
242,22,217,Advance,Pending
243,48,54,Advance,Rejected
244,12,257,Advance,Approved
245,37,189,Advance,Approved
246,26,35,Intermediate,Approved
247,32,66,Beginner,Rejected
248,39,299,Advance,Approved
249,13,356,Advance,Approved
250,29,307,Beginner,Rejected
251,34,147,Intermediate,Approved
252,23,313,Beginner,Approved
253,11,435,Advance,Approved
254,46,181,Intermediate,Approved
255,6,355,Beginner,Approved
256,38,369,Intermediate,Rejected
258,24,371,Beginner,Pending
259,42,104,Beginner,Rejected
260,30,141,Advance,Rejected
261,32,136,Intermediate,Rejected
262,33,264,Advance,Approved
263,47,53,Intermediate,Approved
264,41,65,Intermediate,Rejected
265,37,365,Intermediate,Rejected
266,48,225,Beginner,Rejected
268,28,88,Beginner,Approved
269,12,282,Beginner,Rejected
270,35,120,Beginner,Approved
271,8,127,Beginner,Pending
272,36,296,Advance,Approved
273,40,69,Advance,Rejected
274,2,80,Intermediate,Approved
275,27,36,Beginner,Pending
276,17,502,Advance,Pending
277,19,304,Advance,Rejected
278,13,134,Advance,Approved
279,5,430,Beginner,Rejected
280,39,155,Advance,Pending
281,43,467,Advance,Approved
282,49,231,Advance,Pending
283,9,379,Advance,Approved
284,21,388,Intermediate,Approved
285,15,53,Advance,Approved
286,26,460,Advance,Approved
288,45,239,Advance,Approved
289,50,148,Intermediate,Rejected
290,10,306,Beginner,Approved
293,7,375,Beginner,Rejected
294,44,377,Beginner,Pending
295,1,448,Intermediate,Rejected
297,20,69,Intermediate,Rejected
298,3,452,Intermediate,Approved
299,31,125,Beginner,Rejected
300,18,62,Intermediate,Approved
301,24,338,Intermediate,Rejected
302,15,124,Beginner,Rejected
303,30,179,Beginner,Pending
304,44,169,Intermediate,Pending
305,41,96,Beginner,Rejected
306,27,170,Beginner,Rejected
307,35,287,Advance,Rejected
308,18,459,Advance,Approved
309,39,181,Advance,Approved
310,6,455,Advance,Pending
311,9,357,Intermediate,Pending
312,45,238,Beginner,Rejected
313,21,158,Intermediate,Rejected
314,32,164,Beginner,Rejected
315,17,493,Advance,Rejected
316,19,489,Beginner,Approved
317,3,51,Intermediate,Approved
318,49,234,Advance,Approved
319,50,21,Intermediate,Approved
320,23,252,Advance,Pending
321,4,120,Beginner,Approved
322,11,343,Beginner,Rejected
323,29,185,Intermediate,Approved
324,42,24,Advance,Rejected
325,12,234,Intermediate,Approved
327,33,457,Intermediate,Rejected
329,26,229,Advance,Pending
330,1,209,Beginner,Approved
331,48,423,Advance,Rejected
332,16,179,Intermediate,Approved
333,34,29,Beginner,Approved
334,7,420,Beginner,Rejected
335,22,37,Intermediate,Rejected
337,38,486,Advance,Approved
338,20,359,Intermediate,Rejected
339,36,158,Beginner,Approved
340,46,149,Advance,Approved
341,37,18,Intermediate,Pending
342,25,423,Advance,Rejected
343,28,149,Advance,Rejected
344,5,362,Intermediate,Approved
345,8,114,Advance,Rejected
346,40,500,Beginner,Approved
347,14,369,Intermediate,Rejected
348,13,156,Advance,Approved
349,43,506,Advance,Rejected
350,10,417,Advance,Approved
351,35,80,Intermediate,Rejected
352,25,509,Beginner,Pending
353,2,137,Advance,Rejected
354,45,303,Beginner,Rejected
355,46,73,Advance,Rejected
356,26,416,Beginner,Rejected
357,15,392,Advance,Approved
358,20,94,Intermediate,Rejected
359,13,292,Advance,Rejected
361,39,66,Advance,Rejected
362,34,202,Advance,Rejected
363,11,405,Beginner,Rejected
364,42,457,Advance,Rejected
365,43,138,Intermediate,Approved
366,44,150,Intermediate,Rejected
367,17,100,Beginner,Pending
369,10,441,Intermediate,Approved
370,50,126,Advance,Approved
371,5,436,Beginner,Approved
372,22,174,Advance,Rejected
375,24,142,Intermediate,Approved
376,49,68,Advance,Rejected
377,48,259,Beginner,Approved
378,9,427,Beginner,Rejected
379,18,460,Intermediate,Approved
380,28,227,Beginner,Pending
381,30,499,Advance,Approved
382,3,247,Intermediate,Pending
383,31,279,Advance,Rejected
384,19,203,Intermediate,Approved
385,12,348,Beginner,Approved
386,29,158,Advance,Pending
387,40,249,Intermediate,Pending
388,16,242,Beginner,Approved
389,47,79,Advance,Rejected
390,37,454,Intermediate,Approved
391,38,428,Beginner,Approved
392,14,338,Advance,Approved
393,33,248,Intermediate,Approved
394,41,305,Beginner,Approved
395,7,333,Advance,Rejected
396,36,324,Intermediate,Pending
397,32,434,Advance,Approved
398,6,216,Beginner,Rejected
399,23,392,Advance,Rejected
400,27,102,Beginner,Rejected
401,16,117,Beginner,Rejected
403,13,318,Intermediate,Rejected
404,30,389,Intermediate,Rejected
405,9,13,Advance,Approved
406,20,384,Intermediate,Approved
407,3,156,Advance,Rejected
408,5,47,Advance,Approved
409,33,337,Intermediate,Rejected
410,31,137,Advance,Approved
411,6,381,Intermediate,Rejected
414,41,468,Beginner,Approved
415,36,286,Beginner,Rejected
416,35,508,Advance,Pending
417,4,496,Intermediate,Rejected
418,40,505,Intermediate,Rejected
419,44,41,Advance,Approved
420,14,223,Beginner,Pending
421,2,258,Intermediate,Approved
422,34,263,Beginner,Pending
423,25,484,Intermediate,Rejected
424,29,459,Advance,Rejected
425,28,30,Beginner,Rejected
426,21,110,Beginner,Approved
427,26,389,Advance,Rejected
428,37,378,Beginner,Rejected
429,17,377,Advance,Rejected
430,27,173,Advance,Approved
431,48,203,Intermediate,Pending
432,50,67,Intermediate,Rejected
433,15,380,Intermediate,Rejected
434,49,331,Intermediate,Rejected
435,8,122,Advance,Rejected
436,46,197,Advance,Approved
437,19,325,Intermediate,Approved
438,42,45,Advance,Approved
439,10,299,Intermediate,Pending
440,7,404,Advance,Rejected
441,32,172,Advance,Approved
442,38,398,Intermediate,Rejected
443,1,332,Beginner,Approved
444,45,229,Beginner,Approved
445,18,211,Advance,Approved
446,24,496,Advance,Approved
447,23,141,Intermediate,Approved
448,12,384,Beginner,Rejected
449,22,105,Beginner,Approved
450,43,101,Intermediate,Approved
451,31,489,Advance,Rejected
452,5,111,Advance,Pending
453,12,66,Beginner,Approved
454,25,99,Advance,Rejected
455,3,484,Advance,Pending
456,8,432,Advance,Approved
457,33,106,Beginner,Approved
458,35,215,Intermediate,Pending
459,29,89,Intermediate,Approved
460,32,197,Beginner,Rejected
461,10,40,Advance,Approved
462,22,254,Advance,Approved
463,50,143,Advance,Rejected
464,16,28,Beginner,Pending
465,9,12,Intermediate,Rejected
466,30,238,Advance,Rejected
467,40,102,Advance,Rejected
468,43,35,Intermediate,Pending
469,14,92,Beginner,Approved
470,18,245,Advance,Rejected
472,47,80,Beginner,Pending
473,4,182,Advance,Rejected
474,34,83,Intermediate,Pending
475,38,111,Beginner,Rejected
476,26,300,Advance,Pending
477,41,80,Intermediate,Approved
478,11,22,Advance,Pending
479,49,257,Advance,Approved
480,15,424,Beginner,Rejected
481,39,129,Advance,Approved
482,7,222,Advance,Approved
483,20,265,Beginner,Rejected
484,21,258,Beginner,Pending
485,17,408,Intermediate,Approved
486,45,163,Intermediate,Approved
487,37,453,Beginner,Pending
488,19,250,Intermediate,Rejected
489,23,463,Beginner,Rejected
490,1,398,Beginner,Approved
491,13,460,Advance,Approved
492,46,417,Advance,Approved
493,2,209,Intermediate,Rejected
494,42,54,Advance,Approved
495,44,300,Advance,Approved
496,28,140,Intermediate,Pending
498,36,69,Intermediate,Approved
499,6,489,Advance,Rejected
500,48,179,Beginner,Approved
501,15,371,Advance,Approved
502,48,202,Beginner,Approved
503,39,318,Advance,Rejected
504,1,496,Intermediate,Approved
505,28,230,Intermediate,Approved
506,8,257,Beginner,Rejected
507,22,408,Beginner,Rejected
508,21,306,Intermediate,Rejected
509,29,338,Advance,Pending
510,18,359,Advance,Rejected
511,30,348,Intermediate,Rejected
512,11,150,Beginner,Rejected
513,32,430,Advance,Rejected
514,40,114,Advance,Approved
515,37,60,Advance,Approved
516,31,246,Advance,Rejected
517,23,13,Advance,Rejected
518,49,69,Beginner,Approved
519,10,448,Intermediate,Approved
520,43,325,Intermediate,Rejected
521,26,100,Intermediate,Rejected
523,17,110,Beginner,Pending
524,5,350,Beginner,Approved
525,24,500,Advance,Rejected
526,45,468,Advance,Approved
527,33,405,Advance,Rejected
528,46,164,Advance,Approved
530,12,290,Advance,Approved
531,2,420,Intermediate,Pending
532,9,304,Intermediate,Rejected
533,20,356,Advance,Rejected
534,4,464,Advance,Approved
536,34,367,Intermediate,Rejected
537,35,106,Advance,Rejected
539,19,428,Advance,Rejected
540,16,197,Intermediate,Approved
542,47,234,Beginner,Rejected
543,27,389,Advance,Approved
545,3,29,Beginner,Approved
546,44,388,Advance,Approved
548,7,96,Advance,Pending
549,42,203,Advance,Rejected
550,6,480,Beginner,Rejected
551,29,392,Intermediate,Approved
552,42,215,Advance,Rejected
553,34,434,Beginner,Pending
554,46,508,Advance,Approved
555,39,101,Beginner,Approved
556,17,16,Intermediate,Rejected
557,21,197,Intermediate,Rejected
558,18,412,Advance,Rejected
559,47,149,Intermediate,Pending
560,2,248,Beginner,Rejected
561,31,134,Beginner,Rejected
562,48,332,Intermediate,Rejected
563,28,286,Advance,Pending
564,16,337,Advance,Pending
565,10,247,Intermediate,Approved
566,22,468,Beginner,Rejected
567,7,105,Advance,Rejected
568,20,369,Advance,Rejected
569,5,179,Advance,Rejected
570,13,135,Intermediate,Approved
571,3,143,Advance,Approved
572,9,18,Intermediate,Pending
573,19,389,Advance,Approved
574,23,173,Advance,Rejected
575,25,92,Intermediate,Approved
576,26,120,Intermediate,Pending
577,37,279,Advance,Rejected
578,6,331,Advance,Rejected
579,44,439,Beginner,Rejected
580,43,159,Intermediate,Rejected
581,8,380,Intermediate,Rejected
582,11,94,Advance,Approved
583,24,279,Intermediate,Pending
584,36,147,Beginner,Rejected
585,15,170,Advance,Approved
586,50,137,Beginner,Rejected
587,1,242,Beginner,Pending
588,33,181,Advance,Rejected
589,49,111,Advance,Rejected
590,12,316,Beginner,Approved
591,45,338,Advance,Rejected
592,27,427,Beginner,Rejected
593,30,24,Intermediate,Approved
594,41,129,Beginner,Rejected
595,38,506,Beginner,Approved
596,14,172,Advance,Rejected
597,40,308,Advance,Rejected
598,32,282,Beginner,Rejected
599,35,398,Advance,Rejected
600,4,296,Intermediate,Rejected
601,34,259,Intermediate,Rejected
602,40,227,Advance,Pending
603,39,242,Advance,Pending
604,15,148,Intermediate,Approved
605,9,252,Advance,Pending
606,21,30,Intermediate,Rejected
607,35,65,Beginner,Rejected
608,30,73,Advance,Pending
609,28,141,Beginner,Approved
610,44,258,Intermediate,Rejected
611,14,224,Advance,Approved
612,4,35,Intermediate,Approved
613,16,369,Intermediate,Approved
614,45,234,Intermediate,Rejected
615,2,497,Beginner,Approved
617,49,158,Beginner,Approved
618,26,265,Intermediate,Rejected
619,7,146,Beginner,Pending
620,24,163,Advance,Rejected
621,38,365,Intermediate,Pending
622,1,453,Beginner,Rejected
623,27,229,Advance,Rejected
624,48,435,Advance,Approved
625,50,377,Intermediate,Approved
626,12,264,Intermediate,Pending
627,36,423,Intermediate,Approved
628,37,263,Beginner,Rejected
629,20,137,Beginner,Rejected
631,23,88,Advance,Rejected
633,42,467,Advance,Rejected
634,32,28,Advance,Rejected
636,8,238,Advance,Rejected
637,41,432,Intermediate,Rejected
638,22,203,Intermediate,Approved
639,3,157,Beginner,Approved
640,19,65,Intermediate,Pending
641,25,174,Intermediate,Rejected
642,31,182,Advance,Pending
643,46,58,Intermediate,Approved
644,5,136,Advance,Rejected
645,10,62,Intermediate,Pending
646,33,404,Advance,Rejected
647,17,239,Advance,Pending
648,43,249,Advance,Rejected
649,6,362,Beginner,Approved
650,11,222,Advance,Rejected
651,21,138,Beginner,Approved
652,4,122,Beginner,Rejected
653,49,124,Advance,Approved
654,8,250,Advance,Approved
656,33,303,Beginner,Rejected
657,48,181,Intermediate,Rejected
658,45,66,Intermediate,Rejected
659,46,324,Intermediate,Rejected
660,40,423,Intermediate,Approved
661,15,193,Intermediate,Pending
662,30,80,Intermediate,Pending
663,41,298,Intermediate,Approved
664,27,47,Beginner,Rejected
665,20,158,Intermediate,Rejected
666,43,124,Intermediate,Approved
667,3,126,Advance,Rejected
668,39,231,Advance,Rejected
669,5,156,Intermediate,Rejected
670,36,127,Beginner,Approved
671,11,436,Advance,Pending
672,18,37,Advance,Pending
673,2,427,Intermediate,Approved
674,32,40,Beginner,Rejected
675,42,148,Beginner,Rejected
676,9,408,Advance,Rejected
677,34,68,Intermediate,Approved
678,22,142,Intermediate,Approved
679,28,155,Intermediate,Approved
680,14,459,Advance,Rejected
681,35,189,Advance,Rejected
682,44,489,Intermediate,Rejected
683,37,333,Advance,Pending
684,6,117,Advance,Approved
685,19,245,Intermediate,Pending
686,10,169,Advance,Rejected
687,50,16,Intermediate,Rejected
688,31,441,Advance,Approved
689,1,320,Beginner,Rejected
690,29,79,Intermediate,Rejected
691,26,125,Beginner,Approved
692,23,238,Beginner,Approved
693,24,21,Advance,Rejected
694,17,484,Advance,Approved
695,38,452,Advance,Pending
696,47,120,Intermediate,Approved
697,7,378,Beginner,Approved
698,25,348,Intermediate,Rejected
699,16,454,Beginner,Approved
700,12,225,Beginner,Approved
701,9,381,Beginner,Pending
702,22,172,Advance,Rejected
703,15,384,Advance,Rejected
704,36,22,Beginner,Pending
705,4,41,Advance,Pending
706,3,304,Intermediate,Rejected
707,30,287,Advance,Rejected
708,12,120,Intermediate,Approved
709,38,355,Intermediate,Approved
710,42,484,Intermediate,Pending
711,18,35,Advance,Approved
712,2,156,Advance,Rejected
713,44,423,Beginner,Rejected
714,50,53,Advance,Pending
715,23,257,Advance,Approved
716,11,352,Intermediate,Approved
717,25,51,Intermediate,Pending
718,48,441,Beginner,Rejected
719,14,24,Advance,Approved
720,21,497,Intermediate,Approved
721,35,292,Beginner,Approved
722,31,486,Beginner,Rejected
723,17,384,Advance,Rejected
724,5,99,Beginner,Rejected
725,37,499,Beginner,Approved
726,13,67,Beginner,Rejected
727,10,53,Intermediate,Rejected
728,19,89,Beginner,Approved
730,28,357,Intermediate,Approved
731,49,258,Intermediate,Approved
732,27,141,Advance,Rejected
733,46,457,Advance,Pending
734,7,509,Beginner,Pending
735,24,398,Intermediate,Pending
736,43,254,Beginner,Pending
737,1,164,Advance,Pending
738,8,379,Advance,Approved
739,41,13,Intermediate,Rejected
740,32,389,Intermediate,Rejected
741,45,60,Intermediate,Rejected
743,40,338,Intermediate,Rejected
744,47,287,Advance,Pending
745,16,489,Advance,Approved
746,20,348,Advance,Pending
747,33,65,Advance,Pending
748,29,377,Advance,Pending
749,26,179,Beginner,Rejected
750,6,307,Beginner,Approved
752,10,138,Advance,Rejected
753,19,303,Advance,Approved
755,21,40,Advance,Approved
756,16,467,Advance,Approved
757,2,172,Intermediate,Approved
758,5,189,Advance,Rejected
759,20,202,Advance,Approved
760,17,352,Intermediate,Approved
761,1,234,Intermediate,Rejected
763,28,398,Advance,Pending
764,7,41,Advance,Approved
765,22,299,Intermediate,Approved
767,9,96,Intermediate,Pending
768,33,463,Beginner,Rejected
769,43,12,Beginner,Approved
770,12,149,Beginner,Approved
771,47,324,Advance,Rejected
772,36,102,Beginner,Approved
773,18,140,Intermediate,Rejected
774,13,392,Intermediate,Approved
775,32,135,Intermediate,Approved
776,3,258,Advance,Approved
777,40,497,Beginner,Approved
778,30,300,Beginner,Rejected
779,45,69,Intermediate,Approved
780,15,257,Advance,Pending
781,4,252,Advance,Approved
782,25,398,Beginner,Rejected
783,39,216,Intermediate,Pending
784,44,215,Intermediate,Approved
785,23,193,Beginner,Pending
786,26,242,Beginner,Approved
787,31,18,Beginner,Pending
788,35,142,Advance,Rejected
789,42,224,Beginner,Approved
790,8,420,Intermediate,Approved
791,49,428,Intermediate,Pending
793,27,468,Beginner,Pending
794,48,381,Beginner,Approved
795,37,408,Advance,Approved
796,29,68,Beginner,Approved
797,6,424,Intermediate,Approved
798,11,509,Intermediate,Approved
799,34,179,Intermediate,Approved
800,14,254,Intermediate,Approved
801,50,413,Beginner,Pending
802,12,418,Intermediate,Pending
803,33,384,Advance,Pending
804,18,109,Advance,Pending
805,39,65,Advance,Pending
806,27,117,Advance,Pending
807,38,476,Intermediate,Pending
808,24,17,Beginner,Pending
809,19,266,Intermediate,Pending
810,32,48,Advance,Pending
811,45,105,Advance,Pending
812,2,78,Intermediate,Pending
813,34,62,Advance,Pending
814,43,115,Intermediate,Pending
815,41,313,Advance,Pending
816,37,285,Beginner,Pending
817,35,482,Intermediate,Pending
818,42,400,Beginner,Pending
819,30,432,Advance,Pending
820,29,279,Advance,Pending
821,4,258,Advance,Pending
822,6,284,Intermediate,Pending
823,28,61,Advance,Pending
824,14,107,Beginner,Pending
825,8,454,Beginner,Pending
826,48,277,Advance,Pending
827,15,43,Beginner,Pending
828,13,383,Intermediate,Pending
829,46,69,Beginner,Pending
830,36,14,Advance,Pending
831,31,294,Intermediate,Pending
832,23,148,Advance,Pending
833,7,355,Beginner,Pending
834,5,396,Beginner,Pending
835,40,352,Intermediate,Pending
836,17,103,Intermediate,Pending
837,25,473,Intermediate,Pending
838,9,120,Advance,Pending
839,10,150,Intermediate,Pending
840,11,325,Beginner,Pending
841,21,229,Beginner,Pending
842,47,354,Advance,Pending
843,1,226,Beginner,Pending
844,44,431,Intermediate,Pending
845,20,409,Beginner,Pending
846,26,333,Intermediate,Pending
847,16,423,Intermediate,Pending
848,49,369,Beginner,Pending
849,3,270,Beginner,Pending
851,42,346,Advance,Pending
852,26,314,Advance,Pending
853,9,441,Advance,Pending
854,40,389,Beginner,Pending
855,6,267,Intermediate,Pending
856,23,289,Advance,Pending
857,5,42,Beginner,Pending
858,34,353,Advance,Pending
859,13,171,Beginner,Pending
860,30,191,Advance,Pending
862,28,260,Intermediate,Pending
863,36,254,Advance,Pending
864,18,57,Advance,Pending
865,10,436,Intermediate,Pending
866,1,194,Beginner,Pending
867,33,214,Intermediate,Pending
868,4,315,Beginner,Pending
869,39,136,Advance,Pending
870,47,232,Beginner,Pending
871,44,202,Advance,Pending
872,20,183,Intermediate,Pending
873,41,263,Advance,Pending
874,50,368,Beginner,Pending
875,16,88,Advance,Pending
876,19,41,Beginner,Pending
877,48,248,Intermediate,Pending
878,49,292,Advance,Pending
879,15,112,Beginner,Pending
880,32,104,Intermediate,Pending
881,7,309,Intermediate,Pending
883,22,134,Intermediate,Pending
884,46,110,Advance,Pending
885,24,237,Advance,Pending
886,31,461,Intermediate,Pending
887,8,474,Beginner,Pending
888,45,412,Intermediate,Pending
889,3,465,Intermediate,Pending
890,25,380,Intermediate,Pending
891,38,484,Intermediate,Pending
892,14,424,Intermediate,Pending
893,27,80,Beginner,Pending
894,43,173,Beginner,Pending
895,21,303,Advance,Pending
896,12,491,Advance,Pending
897,17,299,Beginner,Pending
898,37,108,Advance,Pending
899,29,228,Advance,Pending
900,35,218,Intermediate,Pending
901,45,39,Intermediate,Pending
902,39,89,Beginner,Pending
903,31,367,Intermediate,Pending
904,9,340,Advance,Pending
905,34,132,Advance,Pending
906,48,504,Beginner,Pending
907,6,141,Advance,Pending
908,42,154,Advance,Pending
909,20,122,Beginner,Pending
910,5,106,Intermediate,Pending
911,24,425,Intermediate,Pending
912,11,501,Beginner,Pending
913,15,209,Beginner,Pending
914,19,227,Advance,Pending
915,29,312,Beginner,Pending
916,1,67,Intermediate,Pending
917,33,295,Intermediate,Pending
918,17,407,Intermediate,Pending
919,47,385,Beginner,Pending
920,32,147,Beginner,Pending
921,46,66,Beginner,Pending
922,44,336,Advance,Pending
923,30,487,Advance,Pending
924,21,416,Advance,Pending
925,28,32,Advance,Pending
926,38,99,Beginner,Pending
927,25,496,Advance,Pending
928,23,20,Intermediate,Pending
929,3,428,Intermediate,Pending
930,14,503,Beginner,Pending
931,43,448,Advance,Pending
932,8,293,Beginner,Pending
933,49,429,Beginner,Pending
935,36,162,Beginner,Pending
936,18,479,Intermediate,Pending
937,40,347,Advance,Pending
938,7,126,Intermediate,Pending
939,50,169,Beginner,Pending
940,35,297,Intermediate,Pending
941,12,417,Advance,Pending
942,13,129,Beginner,Pending
943,16,25,Beginner,Pending
944,2,19,Beginner,Pending
945,4,445,Intermediate,Pending
946,37,318,Beginner,Pending
947,26,259,Beginner,Pending
948,27,143,Advance,Pending
949,22,332,Advance,Pending
950,10,251,Beginner,Pending
951,5,406,Beginner,Pending
952,18,415,Intermediate,Pending
953,10,360,Intermediate,Pending
954,24,216,Advance,Pending
955,39,58,Beginner,Pending
956,46,280,Intermediate,Pending
957,28,175,Beginner,Pending
958,1,507,Intermediate,Pending
959,25,265,Advance,Pending
960,3,282,Advance,Pending
961,27,161,Beginner,Pending
962,37,388,Beginner,Pending
963,14,100,Advance,Pending
964,32,72,Advance,Pending
965,22,419,Beginner,Pending
966,45,130,Beginner,Pending
967,48,153,Intermediate,Pending
968,15,196,Advance,Pending
970,43,459,Intermediate,Pending
971,31,390,Beginner,Pending
972,9,387,Advance,Pending
973,49,278,Beginner,Pending
974,6,210,Beginner,Pending
975,23,160,Beginner,Pending
976,34,82,Intermediate,Pending
978,38,217,Advance,Pending
979,44,12,Intermediate,Pending
980,17,95,Beginner,Pending
981,33,286,Advance,Pending
982,42,68,Beginner,Pending
983,16,371,Beginner,Pending
984,21,397,Beginner,Pending
985,12,152,Intermediate,Pending
986,20,500,Beginner,Pending
987,7,36,Intermediate,Pending
988,36,23,Beginner,Pending
989,2,47,Intermediate,Pending
990,4,288,Advance,Pending
991,26,330,Beginner,Pending
992,19,509,Intermediate,Pending
993,35,470,Intermediate,Pending
994,11,118,Intermediate,Pending
995,41,219,Advance,Pending
996,13,149,Intermediate,Pending
997,29,493,Intermediate,Pending
998,50,221,Advance,Pending
999,40,123,Advance,Pending
1000,30,349,Intermediate,Pending
1001,32,170,Intermediate,Pending
1002,4,322,Intermediate,Pending
1003,30,46,Advance,Pending
1004,25,468,Beginner,Pending
1005,27,462,Advance,Pending
1006,8,302,Intermediate,Pending
1007,36,131,Beginner,Pending
1008,49,467,Intermediate,Pending
1009,14,291,Intermediate,Pending
1010,38,393,Advance,Pending
1011,22,374,Advance,Pending
1012,34,11,Beginner,Pending
1013,26,234,Intermediate,Pending
1014,39,119,Intermediate,Pending
1015,12,60,Intermediate,Pending
1016,28,344,Beginner,Pending
1017,47,51,Beginner,Pending
1018,37,188,Beginner,Pending
1019,13,142,Advance,Pending
1020,3,427,Intermediate,Pending
1021,44,91,Advance,Pending
1022,19,37,Beginner,Pending
1023,48,53,Beginner,Pending
1024,24,283,Advance,Pending
1025,6,116,Advance,Pending
1026,7,180,Beginner,Pending
1027,17,478,Intermediate,Pending
1028,10,287,Beginner,Pending
1029,15,335,Beginner,Pending
1030,5,83,Advance,Pending
1031,33,215,Advance,Pending
1032,23,26,Intermediate,Pending
1033,46,460,Advance,Pending
1034,16,165,Beginner,Pending
1035,9,370,Beginner,Pending
1036,43,298,Beginner,Pending
1037,20,510,Advance,Pending
1038,40,101,Advance,Pending
1039,29,230,Advance,Pending
1040,45,386,Advance,Pending
1041,2,135,Advance,Pending
1042,18,225,Intermediate,Pending
1043,21,96,Intermediate,Pending
1044,41,18,Advance,Pending
1045,35,38,Beginner,Pending
1046,1,464,Beginner,Pending
1047,42,273,Intermediate,Pending
1048,31,63,Advance,Pending
1049,11,146,Intermediate,Pending
1050,50,245,Advance,Pending
1051,17,151,Intermediate,Pending
1052,37,192,Advance,Pending
1053,20,307,Beginner,Pending
1054,47,15,Advance,Pending
1055,16,276,Intermediate,Pending
1056,30,430,Intermediate,Pending
1057,11,87,Advance,Pending
1058,12,311,Advance,Pending
1059,13,481,Advance,Pending
1060,34,187,Beginner,Pending
1061,42,463,Advance,Pending
1062,29,85,Beginner,Pending
1063,26,331,Beginner,Pending
1064,31,361,Beginner,Pending
1065,44,29,Beginner,Pending
1066,50,495,Beginner,Pending
1067,3,201,Beginner,Pending
1068,14,246,Beginner,Pending
1069,32,392,Intermediate,Pending
1070,45,31,Advance,Pending
1071,9,300,Intermediate,Pending
1072,18,401,Intermediate,Pending
1073,36,49,Advance,Pending
1074,40,198,Beginner,Pending
1075,27,275,Intermediate,Pending
1076,22,189,Beginner,Pending
1077,1,185,Intermediate,Pending
1078,23,410,Advance,Pending
1079,5,208,Beginner,Pending
1080,38,403,Advance,Pending
1081,41,24,Advance,Pending
1082,6,359,Advance,Pending
1083,28,498,Intermediate,Pending
1084,39,308,Beginner,Pending
1085,10,421,Advance,Pending
1086,24,306,Advance,Pending
1087,46,114,Beginner,Pending
1088,35,261,Beginner,Pending
1089,19,376,Advance,Pending
1090,4,499,Advance,Pending
1091,43,98,Beginner,Pending
1092,21,176,Beginner,Pending
1093,7,33,Intermediate,Pending
1094,49,157,Beginner,Pending
1095,25,447,Intermediate,Pending
1096,2,74,Beginner,Pending
1097,48,239,Advance,Pending
1098,15,144,Intermediate,Pending
1099,33,145,Beginner,Pending
1100,8,223,Beginner,Pending
